-- 教务管理系统模拟数据脚本
-- 执行顺序：第 3 个执行
-- 前置条件：已执行 01_create_database.sql 和 02_create_tables.sql

USE edu_management_system;

INSERT INTO sys_user (id, username, password, role, status) VALUES
(1, 'admin', '123456', 'ADMIN', 1),
(2, 'teacher01', '123456', 'TEACHER', 1),
(3, 'teacher02', '123456', 'TEACHER', 1),
(4, 'student01', '123456', 'STUDENT', 1),
(5, 'student02', '123456', 'STUDENT', 1),
(6, 'student03', '123456', 'STUDENT', 1),
(7, 'teacher03', '123456', 'TEACHER', 1),
(8, 'student04', '123456', 'STUDENT', 1),
(9, 'teacher04', '123456', 'TEACHER', 1),
(10, 'student05', '123456', 'STUDENT', 1),
(11, 'student06', '123456', 'STUDENT', 1),
(12, 'teacher05', '123456', 'TEACHER', 1),
(13, 'teacher06', '123456', 'TEACHER', 1),
(14, 'teacher07', '123456', 'TEACHER', 1),
(15, 'teacher08', '123456', 'TEACHER', 1),
(16, 'student07', '123456', 'STUDENT', 1),
(17, 'student08', '123456', 'STUDENT', 1),
(18, 'student09', '123456', 'STUDENT', 1),
(19, 'student10', '123456', 'STUDENT', 1),
(20, 'student11', '123456', 'STUDENT', 1),
(21, 'student12', '123456', 'STUDENT', 1),
(22, 'student13', '123456', 'STUDENT', 1),
(23, 'student14', '123456', 'STUDENT', 1);

INSERT INTO college (id, college_code, college_name, description, status) VALUES
(1, 'CS', '计算机学院', '负责计算机类专业教学与科研', 1),
(2, 'ME', '机械工程学院', '负责机械制造、智能制造和工程基础课程建设', 1),
(3, 'SCI', '理学院', '负责物理、数学及公共基础课程建设', 1);

INSERT INTO major (id, college_id, major_code, major_name, schooling_years, degree_type, status) VALUES
(1, 1, 'CSSE', '软件工程', 4, '工学', 1),
(2, 1, 'CSAI', '人工智能', 4, '工学', 1),
(3, 2, 'MEMFG', '机械设计制造及其自动化', 4, '工学', 1),
(4, 2, 'MESMART', '智能制造工程', 4, '工学', 1),
(5, 3, 'PHYAPP', '应用物理学', 4, '理学', 1),
(6, 3, 'MATHAPP', '数学与应用数学', 4, '理学', 1);

INSERT INTO department (id, college_id, department_code, department_name, office_location, status) VALUES
(1, 1, 'D-CS-SW', '软件工程教研室', '信息楼 A301', 1),
(2, 1, 'D-CS-AI', '人工智能教研室', '信息楼 A402', 1),
(3, 2, 'D-ME-MFG', '机械制造教研室', '机械楼 C101', 1),
(4, 2, 'D-ME-SMART', '智能制造教研室', '机械楼 C203', 1),
(5, 3, 'D-SCI-MATH', '数学教研室', '理学楼 B201', 1),
(6, 3, 'D-SCI-PHY', '物理教研室', '理学楼 B302', 1),
(7, 3, 'D-SCI-PUB', '公共基础教研室', '理学楼 B105', 1);

INSERT INTO class_info (id, major_id, class_code, class_name, entrance_year, status) VALUES
(1, 1, 'SE2024-1', '软件工程2024级1班', 2024, 1),
(2, 2, 'AI2024-1', '人工智能2024级1班', 2024, 1),
(3, 3, 'ME2024-1', '机械设计制造及其自动化2024级1班', 2024, 1),
(4, 4, 'ME2024-2', '智能制造工程2024级1班', 2024, 1),
(5, 5, 'PHY2024-1', '应用物理学2024级1班', 2024, 1),
(6, 6, 'MATH2024-1', '数学与应用数学2024级1班', 2024, 1),
(7, 3, 'ME2024-3', '机械设计制造及其自动化2024级2班', 2024, 1);

INSERT INTO teacher (
    id, user_id, department_id, teacher_no, teacher_name, gender, title, phone, email, status
) VALUES
(1, 2, 3, 'T1001', '张明', 'M', '副教授', '13800000001', 'zhangming@example.edu', 1),
(2, 3, 1, 'T1002', '李华', 'F', '讲师', '13800000002', 'lihua@example.edu', 1),
(3, 7, 5, 'T1003', '周强', 'M', '教授', '13800000003', 'zhouqiang@example.edu', 1),
(4, 9, 2, 'T1004', '陈静', 'F', '讲师', '13800000004', 'chenjing@example.edu', 1),
(5, 12, 4, 'T1005', '王磊', 'M', '讲师', '13800000005', 'wanglei@example.edu', 1),
(6, 13, 6, 'T1006', '赵敏', 'F', '副教授', '13800000006', 'zhaomin@example.edu', 1),
(7, 14, 7, 'T1007', '孙浩', 'M', '讲师', '13800000007', 'sunhao@example.edu', 1),
(8, 15, 1, 'T1008', '郭宁', 'F', '教授', '13800000008', 'guoning@example.edu', 1);

INSERT INTO student (
    id, user_id, class_id, student_no, student_name, gender, birth_date, phone, email, enrollment_year, status
) VALUES
(1, 4, 3, '20240001', '王小明', 'M', '2006-03-12', '13900000001', '20240001@example.edu', 2024, 1),
(2, 5, 4, '20240002', '赵雨', 'F', '2006-07-21', '13900000002', '20240002@example.edu', 2024, 1),
(3, 6, 1, '20240003', '陈晨', 'M', '2006-01-18', '13900000003', '20240003@example.edu', 2024, 1),
(4, 8, 2, '20240004', '林悦', 'F', '2006-11-05', '13900000004', '20240004@example.edu', 2024, 1),
(5, 10, 5, '20240005', '刘洋', 'M', '2006-05-27', '13900000005', '20240005@example.edu', 2024, 1),
(6, 11, 7, '20240006', '吴倩', 'F', '2006-09-14', '13900000006', '20240006@example.edu', 2024, 1),
(7, 16, 1, '20240007', '宋杰', 'M', '2006-02-09', '13900000007', '20240007@example.edu', 2024, 1),
(8, 17, 2, '20240008', '周婷', 'F', '2006-08-16', '13900000008', '20240008@example.edu', 2024, 1),
(9, 18, 3, '20240009', '马可', 'M', '2006-12-01', '13900000009', '20240009@example.edu', 2024, 1),
(10, 19, 4, '20240010', '叶子', 'F', '2006-04-22', '13900000010', '20240010@example.edu', 2024, 1),
(11, 20, 5, '20240011', '高远', 'M', '2006-10-11', '13900000011', '20240011@example.edu', 2024, 1),
(12, 21, 6, '20240012', '何佳', 'F', '2006-06-03', '13900000012', '20240012@example.edu', 2024, 1),
(13, 22, 7, '20240013', '陈昊', 'M', '2006-01-25', '13900000013', '20240013@example.edu', 2024, 1),
(14, 23, 7, '20240014', '赵琳', 'F', '2006-03-19', '13900000014', '20240014@example.edu', 2024, 1);

INSERT INTO course (
    id, course_code, course_name, credit, total_hours, course_type, exam_type, status
) VALUES
(1, 'ME101', '电子技术基础A', 3.0, 48, '必修', '考试', 1),
(2, 'ME102', '电路原理A', 3.0, 48, '必修', '考试', 1),
(3, 'ME103', '机械工程训练', 2.0, 32, '必修', '考查', 1),
(4, 'CS101', 'Java程序设计', 3.0, 48, '必修', '考试', 1),
(5, 'CS102', '数据结构C', 3.0, 48, '必修', '考试', 1),
(6, 'CS103', '机器学习（双语）', 3.0, 48, '选修', '考查', 1),
(7, 'SCI101', '高等数学（建行）I', 4.0, 64, '必修', '考试', 1),
(8, 'SCI102', '线性代数A', 3.0, 48, '必修', '考试', 1),
(9, 'SCI103', '大学物理IIB', 3.0, 48, '必修', '考试', 1),
(10, 'SCI104', '概率论与数理统计A', 3.0, 48, '必修', '考试', 1),
(11, 'CS104', '数据分析基础(Python)', 2.0, 32, '选修', '考查', 1),
(12, 'CS105', '图像处理与视觉分析A', 2.0, 32, '选修', '考查', 1),
(13, 'SCI105', '人工智能的数学基础', 2.0, 32, '选修', '考查', 1),
(14, 'ME104', '数字信号处理（双语）', 2.0, 32, '选修', '考查', 1),
(15, 'SCI106', '复变函数与积分变换', 3.0, 48, '必修', '考试', 1),
(16, 'SCI107', '四史教育', 1.5, 24, '必修', '考查', 1),
(17, 'SCI108', '大学英语（建行）', 2.0, 32, '必修', '考试', 1),
(18, 'SCI109', '思想道德与法治', 2.0, 32, '必修', '考查', 1),
(19, 'SCI110', '环境保护与生态文明', 2.0, 32, '选修', '考查', 1),
(20, 'SCI111', '毛泽东思想和中国特色社会主义理论体系概论', 3.0, 48, '必修', '考试', 1),
(21, 'SCI112', '马克思主义基本原理', 3.0, 48, '必修', '考试', 1),
(22, 'CS106', '程序设计基础C', 3.0, 48, '必修', '考试', 1),
(23, 'ME105', '单片机原理与实践', 2.0, 32, '必修', '考查', 1),
(24, 'CS107', '数据库原理', 3.0, 48, '必修', '考试', 1),
(25, 'CS108', '数据库课程设计', 2.0, 32, '必修', '考查', 1);

INSERT INTO teaching_task (
    id, course_id, teacher_id, semester, weekday, start_section, end_section, weeks, classroom, capacity, selected_count, task_status
) VALUES
(1, 1, 1, '2025-2026-1', 1, 1, 2, '1-16周', '机械楼 A101', 60, 2, 1),
(2, 2, 1, '2025-2026-1', 2, 1, 2, '1-16周', '机械楼 A102', 60, 2, 1),
(3, 3, 1, '2025-2026-1', 3, 3, 4, '1-12周', '机械实验中心 301', 50, 2, 1),
(4, 14, 1, '2025-2026-2', 2, 6, 7, '1-12周', '机械楼 B103', 48, 2, 1),
(5, 4, 2, '2025-2026-1', 1, 3, 4, '1-16周', '信息楼 B206', 60, 2, 1),
(6, 5, 2, '2025-2026-1', 3, 1, 2, '1-16周', '信息楼 B109', 60, 3, 1),
(7, 11, 4, '2025-2026-1', 5, 3, 4, '1-16周', '信息楼 A109', 60, 3, 1),
(8, 6, 4, '2025-2026-1', 1, 6, 7, '1-12周', '信息楼 B206', 50, 3, 1),
(9, 12, 4, '2025-2026-2', 4, 6, 7, '1-12周', '信息楼 C403', 50, 3, 1),
(10, 7, 3, '2025-2026-2', 1, 10, 11, '1-16周', '理学楼 512', 80, 2, 2),
(11, 8, 3, '2025-2026-2', 2, 3, 4, '1-16周', '理学楼 403', 80, 2, 2),
(12, 9, 3, '2025-2026-2', 3, 6, 7, '1-16周', '理学楼 404', 80, 2, 1),
(13, 10, 3, '2025-2026-2', 4, 10, 11, '1-16周', '理学楼 512', 80, 2, 2),
(14, 13, 3, '2025-2026-2', 5, 10, 11, '1-16周', '理学楼 404', 80, 2, 1),
(15, 22, 2, '2025-2026-1', 2, 3, 4, '1-16周', '信息楼 903', 60, 4, 1),
(16, 23, 5, '2025-2026-1', 4, 3, 4, '1-12周', '机械实验中心 202', 40, 3, 1),
(17, 24, 8, '2025-2026-2', 3, 1, 2, '1-16周', '信息楼 B211', 60, 4, 1),
(18, 25, 8, '2025-2026-2', 4, 6, 7, '1-12周', '信息楼 A201', 40, 2, 1);

INSERT INTO student_course (
    id, student_id, teaching_task_id, score, grade_status, status, remark
) VALUES
(1, 1, 1, 86.50, 1, 1, '正常完成课程'),
(2, 2, 1, 91.00, 1, 1, '正常完成课程'),
(3, 1, 2, 89.00, 1, 1, '课堂表现稳定'),
(4, 3, 2, NULL, 0, 1, NULL),
(5, 1, 3, 92.00, 1, 1, '实验完成较好'),
(6, 6, 3, 84.00, 1, 1, '实验记录完整'),
(7, 3, 4, 78.00, 1, 1, '已完成'),
(8, 4, 4, 83.00, 1, 1, '已完成'),
(9, 2, 5, 88.00, 1, 1, '正常完成课程'),
(10, 3, 5, 95.00, 1, 1, '成绩优秀'),
(11, 4, 5, NULL, 0, 1, NULL),
(12, 2, 6, 90.00, 1, 1, '正常完成课程'),
(13, 5, 6, NULL, 0, 1, NULL),
(14, 3, 6, 76.00, 1, 1, '已完成'),
(15, 1, 7, 87.00, 1, 1, 'Python项目完整'),
(16, 4, 7, 90.00, 1, 1, 'Python项目完整'),
(17, 6, 7, 82.00, 1, 1, 'Python项目完整'),
(18, 1, 8, 93.00, 1, 1, '机器学习实验优秀'),
(19, 4, 8, 85.00, 1, 1, '机器学习实验良好'),
(20, 6, 8, NULL, 0, 1, NULL),
(21, 1, 9, 88.00, 1, 1, '图像处理实验完成'),
(22, 5, 9, 79.00, 1, 1, '图像处理实验完成'),
(23, 2, 9, 84.00, 1, 1, '图像处理实验完成'),
(24, 5, 10, 72.00, 1, 1, '基础扎实'),
(25, 6, 10, 89.00, 1, 1, '基础扎实'),
(26, 5, 11, 91.00, 1, 1, '线性代数掌握较好'),
(27, 6, 11, 75.00, 1, 1, '线性代数掌握较好'),
(28, 4, 12, 88.00, 1, 1, '物理实验完整'),
(29, 5, 12, 77.00, 1, 1, '物理实验完整'),
(30, 2, 13, 84.00, 1, 1, '概率论课程完成'),
(31, 6, 13, 89.00, 1, 1, '概率论课程完成'),
(32, 1, 14, 80.00, 1, 1, '数字信号处理完成'),
(33, 3, 14, 87.00, 1, 1, '数字信号处理完成'),
(34, 7, 15, 88.00, 1, 1, '程序设计基础掌握良好'),
(35, 8, 15, NULL, 0, 1, NULL),
(36, 9, 16, 91.00, 1, 1, '单片机实践完成'),
(37, 10, 16, 85.00, 1, 1, '单片机实践完成'),
(38, 11, 17, NULL, 0, 1, NULL),
(39, 12, 17, 87.00, 1, 1, '数据库理论扎实'),
(40, 13, 18, 92.00, 1, 1, '数据库课程设计完成'),
(41, 14, 18, 79.00, 1, 1, '数据库课程设计完成'),
(42, 9, 15, 84.00, 1, 1, '程序设计基础完成'),
(43, 10, 15, NULL, 0, 1, NULL),
(44, 11, 16, 82.00, 1, 1, '单片机实践完成'),
(45, 13, 17, 92.00, 1, 1, '数据库原理完成'),
(46, 14, 17, 79.00, 1, 1, '数据库原理完成');

INSERT INTO teacher_student (
    id, teacher_id, student_id, guide_type, start_date, end_date, status
) VALUES
(1, 1, 1, '课程设计指导', '2026-07-01', NULL, 1),
(2, 2, 3, '学业导师', '2026-07-01', NULL, 1),
(3, 3, 5, '毕业论文指导', '2026-07-01', NULL, 1),
(4, 4, 2, '学业导师', '2026-07-01', NULL, 1),
(5, 5, 7, '学业导师', '2026-07-01', NULL, 1),
(6, 6, 8, '课程设计指导', '2026-07-01', NULL, 1),
(7, 7, 11, '学业导师', '2026-07-01', NULL, 1),
(8, 8, 12, '毕业设计指导', '2026-07-01', NULL, 1);

INSERT INTO operation_log (
    user_id, module_name, operation_type, target_table, target_id, description, ip_address
) VALUES
(1, '系统初始化', 'INSERT', 'sys_user', 1, '导入基础模拟数据', '127.0.0.1');
